1,shimona,Shimona Carvalho,shimona@gg.com,2220 30th St.,,San Diego,CA,92104,32.728879,-117.130164,3.5,ryan
2,adam,Adam Powers,,,,,,,,,,
3,matt,Matt Hong,mkhong87@gg.com,3833 Nobel Dr.,,San Diego,CA,92122,32.868364,-117.223355,,
4,narine,Narine Cholakyan,narinec@gg.com,2525 Palmilla Dr.,,San Diego,CA,92122,32.8611124,-117.2254177,2.9,
5,ryan,Ryan Phillip,ryan@phillip.com,2500 30th St,,San Diego,CA,92104,32.73293,-117.133649,,
6,steve,Steve Marks,steve@marks.com,9500 Gilman Dr.,,La Jolla,CA,92093,32.8828134,-117.2361573,,
